{
    "0": {
        "1": 0.5090036014405762,
        "3": 0.9368421052631579
    },
    "1": {
        "1": 0.9982817869415808
    },
    "3": {
        "0": 0.41418764302059496,
        "1": 0.48693586698337293,
        "2": 0.1654320987654321
    },
    "4": {
        "0": 0.40705128205128205,
        "1": 0.36378205128205127
    },
    "5": {
        "0": 0.9183333333333333,
        "1": 0.8621575342465754,
        "2": 0.9270833333333334,
        "3": 0.8427734375,
        "4": 0.7889344262295082
    },
    "6": {
        "0": 0.2466281310211946,
        "1": 0.2596685082872928,
        "2": 0.621978021978022,
        "3": 0.14613778705636743
    },
    "7": {
        "0": 0.10223642172523961,
        "1": 0.051118210862619806
    },
    "8": {
        "0": 0.6342637151106834
    },
    "9": {
        "0": 0.5297029702970297
    },
    "10": {
        "0": 0.2391304347826087
    },
    "11": {
        "0": 0.3474747474747475,
        "1": 0.31210191082802546
    },
    "12": {
        "0": 0.334855403348554,
        "1": 0.9147640791476408,
        "2": 0.4627092846270928
    },
    "13": {
        "0": 0.7945879458794588,
        "1": 0.8510253317249699,
        "2": 0.8434982738780207,
        "3": 0.8216276477146043,
        "4": 0.8034744842562432
    },
    "14": {
        "0": 0.7609391675560299,
        "1": 0.7805405405405406,
        "2": 0.7907995618838992,
        "3": 0.6382070437566703
    },
    "16": {
        "0": 0.07386363636363637,
        "1": 0.23229461756373937,
        "2": 0.29178470254957506,
        "3": 0.3059490084985836
    },
    "17": {
        "0": 0.14254859611231102,
        "1": 0.1494949494949495,
        "2": 0.38847117794486213
    },
    "18": {
        "0": 0.4991896272285251,
        "1": 0.5721231766612642
    },
    "19": {
        "0": 0.343980343980344,
        "1": 0.06728538283062645,
        "2": 0.33159268929503916,
        "3": 0.467966573816156
    },
    "20": {
        "0": 0.23568702290076335,
        "1": 0.34558823529411764,
        "2": 0.8014705882352942,
        "3": 0.875
    },
    "21": {
        "0": 0.9947916666666666,
        "1": 1.0,
        "2": 0.9985569985569985,
        "3": 0.9985569985569985
    },
    "22": {
        "0": 0.998015873015873,
        "1": 1.0,
        "2": 1.0,
        "3": 1.0
    },
    "23": {
        "0": 0.9930555555555556,
        "1": 0.9982638888888888,
        "2": 0.9982638888888888,
        "3": 1.0
    },
    "24": {
        "0": 0.9962121212121212,
        "1": 1.0,
        "2": 1.0
    },
    "25": {
        "0": 0.9969135802469136,
        "1": 0.9991474850809889,
        "2": 1.0,
        "3": 0.9752747252747253
    },
    "26": {
        "0": 0.11129848229342328,
        "1": 0.15151515151515152,
        "2": 0.24561403508771928
    },
    "27": {
        "0": 0.09455842997323818,
        "1": 0.11320754716981132,
        "2": 0.9955436720142602
    },
    "29": {
        "0": 0.0,
        "1": 0.38848920863309355
    },
    "30": {
        "0": 0.2695457930007446,
        "1": 0.3098490294751977,
        "2": 0.4159220146222583,
        "3": 0.25723221266614543
    },
    "32": {
        "0": 0.41289198606271776,
        "1": 0.46577946768060835,
        "2": 0.5188284518828452
    },
    "33": {
        "0": 0.13125,
        "1": 0.16199376947040497
    },
    "34": {
        "0": 0.41898148148148145,
        "1": 0.32407407407407407
    },
    "35": {
        "0": 0.2609603340292276,
        "1": 0.3405088062622309,
        "2": 0.4604051565377532,
        "3": 0.2684563758389262
    },
    "36": {
        "0": 0.0,
        "1": 0.23934426229508196
    },
    "37": {
        "0": 0.27586206896551724,
        "1": 0.2222222222222222,
        "2": 0.3590664272890485,
        "3": 0.24029574861367836
    },
    "38": {
        "0": 0.2618595825426945,
        "1": 0.30623818525519847
    },
    "39": {
        "1": 0.028328611898016998,
        "3": 0.5155807365439093,
        "5": 0.7988668555240793
    },
    "40": {
        "1": 0.4216949152542373,
        "3": 0.7272727272727273,
        "5": 0.778672032193159,
        "7": 0.8802190280629706
    },
    "41": {
        "1": 0.34497816593886466,
        "3": 0.7192982456140351,
        "5": 0.5235042735042735
    },
    "42": {
        "1": 0.9951219512195122
    },
    "43": {
        "0": 0.39503386004514673,
        "1": 0.4444444444444444,
        "2": 0.441527446300716
    },
    "44": {
        "0": 0.3483535528596187,
        "1": 0.6865148861646234,
        "2": 0.608318890814558
    },
    "45": {
        "1": 0.5531645569620253,
        "3": 0.3182844243792325,
        "5": 0.7065462753950339
    },
    "46": {
        "1": 0.7939764295067656,
        "3": 0.8817110432125709,
        "5": 0.8790920995198603
    },
    "47": {
        "1": 0.15031315240083507,
        "3": 0.16527196652719664,
        "5": 0.6033402922755741
    },
    "48": {
        "1": 0.9993297587131368,
        "3": 1.0,
        "5": 1.0
    },
    "49": {
        "1": 0.9896907216494846
    },
    "50": {
        "1": 0.9989637305699481
    },
    "52": {
        "0": 0.554016620498615,
        "1": 0.9108527131782945,
        "2": 0.9147286821705426,
        "3": 0.9728682170542635
    },
    "53": {
        "0": 0.9953198127925117,
        "1": 1.0,
        "2": 1.0,
        "3": 1.0
    },
    "54": {
        "0": 0.999348109517601,
        "1": 1.0,
        "2": 0.9992331288343558
    },
    "55": {
        "0": 1.0,
        "1": 0.9973958333333334,
        "2": 1.0
    },
    "56": {
        "0": 0.9988839285714286,
        "1": 0.9988505747126437,
        "2": 1.0,
        "3": 1.0
    },
    "57": {
        "0": 0.998015873015873
    },
    "58": {
        "0": 0.27639751552795033,
        "1": 0.5125
    },
    "59": {
        "0": 0.23036649214659685,
        "1": 0.4323671497584541,
        "2": 0.5081967213114754,
        "3": 0.3627906976744186
    },
    "60": {
        "0": 0.43214285714285716,
        "1": 0.7361853832442068
    },
    "61": {
        "0": 0.6312399355877617,
        "1": 0.6485875706214689,
        "2": 0.7795193312434692,
        "3": 0.6831432192648923
    },
    "63": {
        "0": 0.45068027210884354,
        "1": 0.45161290322580644,
        "2": 0.455521472392638,
        "3": 0.5287769784172662
    },
    "64": {
        "0": 0.034383954154727794,
        "1": 0.11461318051575932
    },
    "66": {
        "1": 0.9605488850771869
    },
    "67": {
        "1": 0.6223379081874113,
        "3": 0.6197349739706578,
        "5": 0.6083767155702792,
        "7": 0.7122574538570753,
        "9": 0.9995267392333176
    },
    "68": {
        "1": 0.9812566940378437,
        "3": 0.9728668332738307,
        "5": 0.9753659407354516,
        "7": 0.9908961085326669
    },
    "69": {
        "1": 0.8468430034129693,
        "3": 0.6898464163822525,
        "5": 0.6638225255972696,
        "7": 0.8971843003412969,
        "9": 0.9782110091743119,
        "11": 0.9988610478359908
    },
    "70": {
        "0": 0.9336195508586526,
        "1": 0.9408850726552179,
        "2": 0.8485799207397622,
        "3": 0.9179326287978864,
        "4": 0.0
    },
    "71": {
        "0": 0.8966183574879227,
        "1": 0.8202191235059761,
        "2": 0.49371980676328503,
        "3": 0.7,
        "4": 0.0
    },
    "72": {
        "0": 1.0,
        "1": 1.0,
        "2": 1.0,
        "3": 1.0,
        "4": 0.0
    },
    "73": {
        "0": 0.8295850490972442,
        "1": 0.8495407031992398
    },
    "74": {
        "0": 0.8295850490972442,
        "1": 0.8495407031992398
    },
    "75": {
        "1": 0.8840275124188002,
        "2": 0.7498566787693484
    },
    "76": {
        "1": 0.8958509737510584,
        "2": 0.8744002257973469,
        "3": 0.8947219870166525
    },
    "77": {
        "1": 0.9128053917438922,
        "2": 0.9205214465937763,
        "3": 0.9351305812973884
    },
    "78": {
        "1": 0.7721661054994389,
        "2": 0.7755775577557755,